"calories","protein","fat","sodium","fiber","carbo","sugars","potass","vitamins","cups","rating"
100.7201550129,2.75720979247878,0.182323049958998,151.123621549798,1.5315395957411,11.1773358170373,5.67191600508494,89.2075828547113,29.1868809773734,1.05122612546258,39.5751915969095
